{
    "maintenance_atp": 0,
    "transport": 2.7497406382304828,
    "AA_synthesis": 1.2260160948082903,
    "respiration": 4.999528433146332,
    "UpperGlycolysis": 2.499764216573166,
    "fermentation_ATP_generation": 0.047732026956585294
}